rank,id,subreddit,permalink,author,title,score,upvote_ratio,num_comments,author_flair_text,created_utc,over_18,edited,stickied,locked,is_original_content
1,14wavra,politics,/r/politics/comments/14wavra/whistleblower_who_accused_bidens_of_corruption_is/,poop_scallions,‚ÄòWhistleblower‚Äô who accused Bidens of corruption is charged with arms trafficking and violating Iran sanctions,15428,0.97,713,,1689033742.0,False,False,False,False,False
2,14waqxs,WhitePeopleTwitter,/r/WhitePeopleTwitter/comments/14waqxs/concerning/,Naive_Cartographer71,Concerning! üòÇ,17901,0.97,352,,1689033417.0,False,False,False,False,False
3,14wbqe3,tumblr,/r/tumblr/comments/14wbqe3/people_will_say_that_im_stripping_away_my/,UselessAltThing,"People will say that I'm stripping away my humanity with my transition, and like, I wish I was.",14395,0.94,216,,1689035936.0,False,False,False,False,False
4,14wby2w,BlackPeopleTwitter,/r/BlackPeopleTwitter/comments/14wby2w/this_shouldnt_be_rocket_science/,Alive-Ad-4164,This shouldn‚Äôt be rocket science,8112,0.95,191,,1689036485.0,False,False,False,False,False
5,14w71md,facepalm,/r/facepalm/comments/14w71md/this_is_a_huge_red_flag/,Soaphed9997,This is a huge red flag,47046,0.95,1271,,1689024659.0,False,False,False,False,False
6,14wce75,MadeMeSmile,/r/MadeMeSmile/comments/14wce75/the_best_day_ever/,King_Pee,The best day ever,7010,0.98,123,,1689037677.0,False,False,False,False,False
7,14w9wag,inthenews,/r/inthenews/comments/14w9wag/whistleblower_who_accused_bidens_of_corruption_is/,burning_dawn,‚ÄòWhistleblower‚Äô who accused Bidens of corruption is charged with arms trafficking and violating Iran sanctions,8839,0.94,508,,1689031317.0,False,False,False,False,False
8,14w95ir,todayilearned,/r/todayilearned/comments/14w95ir/til_after_losing_63lbs_for_his_role_in_the/,f_GOD,"TIL after losing 63lbs for his role in ""The Machinist"" where he weighed 120lbs, Christian Bale had to gain 100lbs in 6 months to star in ""Batman Begins"" but then had to lose 30lbs again before filming because he bulked up too much.",9983,0.96,635,,1689029527.0,False,False,False,False,False
9,14w5ain,Damnthatsinteresting,/r/Damnthatsinteresting/comments/14w5ain/the_difference_between_850hp_vs_10000hp/,Ipunishdogabusers,"The difference between 850hp vs 10,000hp,",39230,0.94,1168,,1689020864.0,False,False,False,False,False
10,14w9zox,therewasanattempt,/r/therewasanattempt/comments/14w9zox/to_rob_a_car/,WeAreTheBaddiess,To rob a car,8052,0.97,699,,1689031563.0,False,False,False,False,False
11,14w7gwg,nba,/r/nba/comments/14w7gwg/andre_drummonds_message_to_young_hoopers_pouting/,MyMindWasAFortress,"Andre Drummond's message to young hoopers: ‚ÄúPouting on the bench, making faces, not cheering your teammates‚Ä¶ I was that guy. I was a 100 million dollar guy. I had a bad attitude. I went from $100 million to a f--king league minimum.‚Äù",9123,0.97,642,:gsw-3: San Francisco Warriors,1689025578.0,False,False,False,False,False
12,14w3li7,worldnews,/r/worldnews/comments/14w3li7/turkey_agrees_to_swedens_nato_bid/,MagnificentCat,Turkey Agrees to Sweden‚Äôs NATO Bid,25965,0.96,1623,,1689017178.0,False,False,False,False,False
13,14w6ja8,comics,/r/comics/comments/14w6ja8/billions_of_dollars_later/,DanbyDraws,Billions of Dollars Later,11382,0.95,261,Danby Draws Comics,1689023550.0,False,False,False,False,True
14,14w5crl,Satisfyingasfuck,/r/Satisfyingasfuck/comments/14w5crl/a_difficult_circus_trick_performed_flawlessly/,HelpfullyWret,A difficult circus trick performed flawlessly,17264,0.96,639,,1689021000.0,False,False,False,False,False
15,14w6wot,cats,/r/cats/comments/14w6wot/i_found_this_cat_outside_3_days_ago_and_brought/,Melodic_General8379,"I found this cat outside 3 days ago and brought him in, my bf is saying to throw him back outside because he looks creepy anyone know what breed this is?",12157,0.94,2452,,1689024355.0,False,False,False,False,False
16,14w6ptw,HumansBeingBros,/r/HumansBeingBros/comments/14w6ptw/new_car_came_with_a_small_surprise/,westcoastcdn19,New car came with a small surprise ,11032,0.97,212,,1689023943.0,False,False,False,False,False
17,14w3g34,mildlyinfuriating,/r/mildlyinfuriating/comments/14w3g34/got_hit_by_a_drunk_driver_on_the_way_home_from_an/,namelessalexa,got hit by a drunk driver on the way home from an AA meeting,45732,0.94,2440,,1689016851.0,False,False,False,False,False
18,14wc8n6,IASIP,/r/IASIP/comments/14wc8n6/a_post_from_rob/,beetlegu,A post from Rob!,4111,0.96,440,:charlie-dayman:,1689037275.0,False,False,False,False,False
19,14we30c,nextfuckinglevel,/r/nextfuckinglevel/comments/14we30c/terminator_in_the_flesh/,Standard-Salt-6628,Terminator in the flesh,3105,0.94,191,,1689042189.0,False,False,False,False,False
20,14w3xse,MurderedByWords,/r/MurderedByWords/comments/14w3xse/you_do_mine_and_ill_do_yours/,AtmosphereMassive887,You do mine and I'll do yours,17770,0.94,691,,1689017933.0,False,False,False,False,False
21,14wa6fq,antiwork,/r/antiwork/comments/14wa6fq/company_picked_disaster_instead_of_8_raise/,theredranger132,Company Picked Disaster Instead of 8% Raise,4695,0.98,536,,1689032027.0,False,1689048228.0,False,False,False
22,14w4tyx,Unexpected,/r/Unexpected/comments/14w4tyx/we_need_to_give_up_on_this_life_and/,cochorol,We need to give up on this life and... ,11730,0.95,718,,1689019865.0,False,False,False,False,False
23,14w9p6c,technicallythetruth,/r/technicallythetruth/comments/14w9p6c/negative_numbers_dont_count/,superson182,Negative numbers don‚Äôt count,5255,0.95,543,,1689030838.0,False,False,False,False,False
24,14w6voh,wholesomememes,/r/wholesomememes/comments/14w6voh/quality_conversation/,secretslut991,Quality conversation,7698,0.98,53,,1689024297.0,False,False,False,False,False
25,14wbzxv,me_irlgbt,/r/me_irlgbt/comments/14wbzxv/me_irlgbt/,Thedepressionoftrees,Me_irlgbt,3450,0.97,48,Genderqueer/Ace|Finished the fight on Halo (not finished yet),1689036624.0,False,False,False,False,False
26,14wby3i,sadcringe,/r/sadcringe/comments/14wby3i/incel_wants_to_sabotage_his_brother_from_getting/,lady-picture-show,"Incel wants to sabotage his brother from getting pregnant because the kid might become a ""mAnLeT""",3427,0.96,258,,1689036487.0,True,False,False,False,False
27,14w8waz,WhitePeopleTwitter,/r/WhitePeopleTwitter/comments/14w8waz/i_dont_think_jack_whites_going_to_be_be_playing/,Hot-Bint,I don't think Jack White's going to be be playing at Trump's inauguration if he wins,12737,0.95,691,,1689028910.0,False,False,False,False,False
28,14w5f15,PoliticalHumor,/r/PoliticalHumor/comments/14w5f15/come_on_barbie_lets_cancel_barbie/,semaforic,Come on Barbie let‚Äôs cancel Barbie!,8081,0.95,501,,1689021129.0,False,False,False,False,False
29,14w1ugh,marvelmemes,/r/marvelmemes/comments/14w1ugh/marvel_fans_when_they_see_the_new_costume/,themassivemover,Marvel fans when they see the new costume,20992,0.96,349,Avengers,1689013314.0,False,False,False,False,False
30,14w3i56,pettyrevenge,/r/pettyrevenge/comments/14w3i56/ex_lies_during_divorce_to_have_me_jailed_and/,DittoJ,Ex lies during divorce to have me jailed and instead he is left with remorse.,12160,0.95,251,,1689016975.0,False,False,False,False,False
31,14wbzg9,HolUp,/r/HolUp/comments/14wbzg9/family_tree/,Twelve-Majestic-Lies,Family tree,3270,0.98,148,,1689036592.0,False,False,False,False,False
32,14w53vm,technology,/r/technology/comments/14w53vm/majority_of_americans_say_tiktok_is_a_threat_to/,tylerthe-theatre,Majority of Americans Say TikTok Is a Threat to U.S. National Security,8064,0.89,1157,,1689020465.0,False,False,False,False,False
33,14waiiq,shittytattoos,/r/shittytattoos/comments/14waiiq/am_i_crazy_or_does_the_hand_look_really_bad/,Twistedbeatz89,Am I crazy or does the hand look really bad?,3776,0.96,1423,,1689032832.0,False,False,False,False,False
34,14wdqko,Whatcouldgowrong,/r/Whatcouldgowrong/comments/14wdqko/wcgw_opening_your_car_door_without_looking_first/,tefunka,WCGW Opening your car door without looking first in Beverley Hills,2332,0.97,282,,1689041242.0,False,False,False,False,False
35,14w27tr,news,/r/news/comments/14w27tr/trumpappointed_judge_gives_a_break_to_jan_6/,AudibleNod,Trump-appointed judge gives a 'break' to Jan. 6 rioter who wants to be a police officer,12238,0.92,646,,1689014141.0,False,False,False,False,False
36,14w9wk3,TikTokCringe,/r/TikTokCringe/comments/14w9wk3/the_truth_about_your_shampoo_and_conditioner/,abbiebe89,The truth about your shampoo and conditioner,3882,0.93,394,,1689031336.0,False,False,False,False,False
37,14w2v3q,BrandNewSentence,/r/BrandNewSentence/comments/14w2v3q/not_that_bad_really/,uvucem,Not that bad really.,11474,0.98,104,,1689015576.0,False,False,False,False,False
38,14w7ccl,dankmemes,/r/dankmemes/comments/14w7ccl/why_cant_we_have_that_here/,Left-Twix420,Why can‚Äôt we have that here :(,6194,0.95,219,‚ò£Ô∏è,1689025306.0,False,False,False,False,False
39,14wd1f6,meirl,/r/meirl/comments/14wd1f6/meirl/,Piccolo-Sufficient,Meirl,2411,0.99,82,,1689039426.0,False,False,False,False,False
40,14w64mp,MadeMeSmile,/r/MadeMeSmile/comments/14w64mp/started_as_a_prank_ended_up_wholesome/,popolenzi,"Started as a prank, ended up wholesome",30499,0.91,1691,,1689022690.0,False,False,False,False,False
41,14vzjge,funny,/r/funny/comments/14vzjge/my_job_here_is_done/,OmegaPinKOwO,My job here is done,25703,0.94,225,,1689008202.0,False,False,False,False,False
42,14w25yp,shittymoviedetails,/r/shittymoviedetails/comments/14w25yp/during_the_nude_painting_scene_in_titanic_only/,Thatguy755,"During the nude painting scene in Titanic, only one of Rose‚Äôs breasts is visible. This is because there is only one tit in Titanic.",12749,0.96,212,,1689014023.0,True,False,False,False,False
43,14wdcs1,facepalm,/r/facepalm/comments/14wdcs1/what_a_great_idea/,Inevitable-Cellist23,What a great idea,4725,0.97,176,,1689040252.0,False,False,False,False,False
44,14w2vzs,rareinsults,/r/rareinsults/comments/14w2vzs/roasting_specialist_in_the_house/,SempastianGr,Roasting specialist in the house,10013,0.97,90,,1689015627.0,False,False,False,False,False
45,14w0nw7,BeAmazed,/r/BeAmazed/comments/14w0nw7/a_gymnasts_strength_and_balance/,jeffers0n_steelflex,A gymnast‚Äôs strength and balance,24527,0.87,1644,,1689010709.0,False,False,False,False,False
46,14w2oig,StupidFood,/r/StupidFood/comments/14w2oig/we_all_know_how_to_sear_a_steak_right/,JustKindaShimmy,"""We all know how to sear a steak, right?""",10663,0.9,2309,,1689015161.0,False,False,False,False,False
47,14wbx66,memes,/r/memes/comments/14wbx66/normal_anime_girl/,farawayValerian,Normal anime girl,2684,0.98,78,,1689036417.0,False,False,False,False,False
48,14w5ytd,baseball,/r/baseball/comments/14w5ytd/angels_pending_free_agent_superstar_shohei_ohtani/,Jux_,Angels' pending free agent superstar Shohei Ohtani really wants to play for a winner: 'It sucks to lose',5378,0.96,1548,Los Angeles Dodgers :lad1:,1689022335.0,False,False,False,False,False
49,14w9ii8,todayilearned,/r/todayilearned/comments/14w9ii8/til_muhammad_alis_speaking_rate_slowed_16_percent/,nategolon,TIL Muhammad Ali‚Äôs speaking rate slowed 16 percent after his 1977 15-round fight against Ernie Shavers,7391,0.98,160,,1689030381.0,False,False,False,False,False
50,14w3di6,oddlysatisfying,/r/oddlysatisfying/comments/14w3di6/this_perspective_artist_is_pretty_good/,ReturnOneWayTicket,This perspective artist is pretty good,8926,0.96,80,,1689016693.0,False,False,False,False,False
51,14w6ar4,pcmasterrace,/r/pcmasterrace/comments/14w6ar4/sad_but_true/,dauratian6969,Sad but true,5310,0.94,508,,1689023037.0,False,False,False,False,False
52,14w7ch3,ukraine,/r/ukraine/comments/14w7ch3/ukrainian_combat_medic_natalia_depa_from_lviv_was/,ibloodylovecider,"Ukrainian Combat Medic Natalia Depa from Lviv was killed on the frontline. She volunteered to join the armed forces on the first days of the big war. Rest in glory, heroine. üá∫üá¶ü´°",4380,0.96,113,UK,1689025314.0,False,False,False,False,False
53,14wdrn9,politics,/r/politics/comments/14wdrn9/gops_missing_biden_witness_charged_with_being/,RandomAccount_OU812,GOP‚Äôs ‚ÄòMissing‚Äô Biden Witness Charged With Being Chinese Spy,3362,0.98,162,,1689041325.0,False,False,False,False,False
54,14w2awj,AnimalsBeingDerps,/r/AnimalsBeingDerps/comments/14w2awj/doggo_doesnt_want_his_day_at_the_brewery_to_end/,Bihema,Doggo doesn‚Äôt want his day at the brewery to end ,8227,0.97,134,,1689014334.0,False,False,False,False,False
55,14w2f17,bald,/r/bald/comments/14w2f17/found_this_sub_last_night_and_you_convinced_me_to/,NotMonicaLewinsky95,Found this sub last night and you convinced me to unleash my inner Jesse Pinkman,8501,0.96,1147,,1689014587.0,False,False,False,False,False
56,14w4xig,ContagiousLaughter,/r/ContagiousLaughter/comments/14w4xig/trying_to_catch_mustang/,brownsun,Trying to catch Mustang,5651,0.98,183,,1689020083.0,False,False,False,False,False
57,14w1j7s,OldSchoolCool,/r/OldSchoolCool/comments/14w1j7s/steve_perry_lead_singer_of_the_legendary_band/,palehorse95,"Steve Perry, lead singer of the legendary band ""Journey"", and then girlfriend Sherrie Swafford, who was the inspiration for one of the band's most famous hits "" Oh Sherrie""... 1980s",8639,0.95,918,,1689012631.0,False,False,False,False,False
58,14vzjdy,NatureIsFuckingLit,/r/NatureIsFuckingLit/comments/14vzjdy/mom_gives_ones_of_her_wolf_cubs_a_reassuring/,Thund3rbolt,üî• Mom Gives Ones Of Her Wolf Cubs A Reassuring Embrace In The Den While Sleeping,14316,0.96,183,,1689008198.0,False,False,False,False,False
59,14w9ndt,shitposting,/r/shitposting/comments/14w9ndt/heil_spez/,Red_Gemm,Heil Spez,3111,0.94,374,:nooo:dumbass:nooo:,1689030712.0,False,False,False,False,False
60,14w5qdx,Damnthatsinteresting,/r/Damnthatsinteresting/comments/14w5qdx/how_babies_used_to_travel_on_airplanes_1950s/,Seahawks1991,"How babies used to travel on airplanes, 1950s",13927,0.98,419,,1689021808.0,False,False,False,False,False
61,14wdbhw,DunderMifflin,/r/DunderMifflin/comments/14wdbhw/apparently_this_guy_was_put_in_the_episode/,CrimsonShadowYT,apparently this guy was put in the episode because chili's was unhappy about pam being shown drunk in their restaurant.,1735,0.97,91,sex with a terrorist,1689040160.0,False,False,False,False,False
62,14vyxpr,OneOrangeBraincell,/r/OneOrangeBraincell/comments/14vyxpr/heres_wubbles_protesting_going_inside_pretty_sure/,ChirpSnipeCelly,Here‚Äôs Wubbles protesting going inside. Pretty sure he had use of the brain cell because that defense was solid.,15565,0.98,129,,1689006827.0,False,False,False,False,False
63,14wccf3,LeopardsAteMyFace,/r/LeopardsAteMyFace/comments/14wccf3/views_for_tucker_carlsons_new_twitter_show_have/,MasterfulBJJ,Views for Tucker Carlson‚Äôs new Twitter show have dropped 86 percent since its launch,1946,0.98,145,,1689037539.0,False,False,False,False,False
64,14w95j9,whenthe,/r/whenthe/comments/14w95j9/he_will_now_change_and_grow_as_a_person/,DeificAtom93993,He will now change and grow as a person,3227,0.97,62,,1689029528.0,False,False,False,False,False
65,14wcyj3,StarWars,/r/StarWars/comments/14wcyj3/a_simple_man_in_london_today/,Heavy-Ostrich-7781,A simple man in london today,1753,0.98,36,,1689039218.0,False,False,False,False,False
66,14w5df5,ExplainTheJoke,/r/ExplainTheJoke/comments/14w5df5/i_dont_get_it/,salnirvana,i don‚Äôt get it,4850,0.95,113,,1689021035.0,False,False,False,False,False
67,14w18do,CrazyFuckingVideos,/r/CrazyFuckingVideos/comments/14w18do/guy_tries_to_rob_woman_who_is_9_months_pregnant/,Potato_Boner,"Guy tries to rob woman who is 9 months pregnant, and soon regrets it",10076,0.93,13,,1689011991.0,True,False,False,True,False
68,14w4vzn,197,/r/197/comments/14w4vzn/rule/,muammargaddafisghost,Rule,5383,0.94,190,,1689019990.0,False,False,False,False,False
69,14w7nnk,mildlyinfuriating,/r/mildlyinfuriating/comments/14w7nnk/delayed_for_3_hours_just_to_have_this_ah_blasting/,spidermonkey2947,Delayed for 3 hours‚Ä¶ Just to have this AH blasting a movie on his phone the whole flight‚Ä¶. Flight attendants did nothing‚Ä¶,8560,0.94,1141,,1689026011.0,False,False,False,False,False
70,14w8gx6,ThatsInsane,/r/ThatsInsane/comments/14w8gx6/swans_addicted_to_poppy_cant_fly_anymore/,rCarmar,Swans addicted to poppy can‚Äôt fly anymore. ,3030,0.98,188,,1689027867.0,False,False,False,False,False
71,14vxvvz,movies,/r/movies/comments/14vxvvz/new_image_of_hugh_jackmans_wolverine_ryan/,ICumCoffee,New image of Hugh Jackman's Wolverine & Ryan Reynolds' Deadpool in ‚ÄòDEADPOOL 3‚Äô.,15040,0.93,1267,,1689004460.0,False,False,False,False,False
72,14w89nb,TwoXChromosomes,/r/TwoXChromosomes/comments/14w89nb/my_16_yr_old_daughter_was_followed_by_a_car_and/,trobo84,My 16 yr old daughter was followed by a car and then chased on foot by two men,3069,0.95,260,,1689027389.0,False,False,False,False,False
73,14wcetc,HonkaiStarRail,/r/HonkaiStarRail/comments/14wcetc/how_would_the_plot_change_if_nobody_stopped/,Any-Individual-4046,how would the plot change if nobody stopped natasha from blowing up svarog?,1827,0.98,140,,1689037727.0,False,False,False,False,False
74,14w8bxj,lotrmemes,/r/lotrmemes/comments/14w8bxj/always_bothered_me_how_pippin_skates/,fatkiddown,Always bothered me how Pippin skates,3019,0.99,95,,1689027546.0,False,False,False,False,False
75,14w02f2,AITAH,/r/AITAH/comments/14w02f2/aitah_for_putting_my_profoundly_autistic_daughter/,Late-Comb11,AITAH for putting my profoundly autistic daughter on birth control?,10447,0.94,3064,,1689009359.0,False,False,False,False,False
76,14w8ogn,DeepRockGalactic,/r/DeepRockGalactic/comments/14w8ogn/somewhat_new_to_the_game_about_150_hours_is_this/,comp_hoovy_main,Somewhat new to the game (about 150 hours) is this common knowledge or am I a genius?,2849,0.97,242,Platform here :gold:,1689028363.0,False,False,False,False,False
77,14w2ke3,PublicFreakout,/r/PublicFreakout/comments/14w2ke3/hey_im_walkin_here/,Artane_33,hey I‚Äôm walkin‚Äô here,6047,0.98,232,,1689014909.0,False,False,False,False,False
78,14w0qe9,PeterExplainsTheJoke,/r/PeterExplainsTheJoke/comments/14w0qe9/petah_is_this_a_joke_about_jodie/,IslamLover69,Petah is this a joke about Jodie?,8673,0.95,236,,1689010864.0,False,False,False,False,False
79,14w2xsn,doordash,/r/doordash/comments/14w2xsn/is_this_normal/,extreme933,Is this normal?,5773,0.95,928,,1689015726.0,False,False,False,False,False
80,14w96kv,WorkReform,/r/WorkReform/comments/14w96kv/suffocating_the_working_class/,zzill6,Suffocating The Working Class,2460,0.98,39,ü§ù Join A Union,1689029597.0,False,False,False,False,False
81,14w4grh,nottheonion,/r/nottheonion/comments/14w4grh/toronto_police_closing_bar_at_headquarters/,coppercactus4,Toronto police closing bar at headquarters,4332,0.96,164,,1689019096.0,False,False,False,False,False
82,14welz5,Hololive,/r/Hololive/comments/14welz5/adventures_of_yabairys/,kanauru,adventures of yabairys,1213,0.99,27,,1689043654.0,False,False,False,False,False
83,14w8yee,CFB,/r/CFB/comments/14w8yee/sources_northwestern_has_parted_ways_with_pat/,MNNYOC,Sources: Northwestern has parted ways with Pat Fitzgerald.,2478,0.94,1281,:minnesota: :paulbunyansaxe: Minnesota ‚Ä¢ Paul Bunyan's Axe,1689029058.0,False,False,False,False,False
84,14w6ruo,MemeVideos,/r/MemeVideos/comments/14w6ruo/a_ohio_teen_ask_a_girl_to_prom_as_if_it_was/,Key_Cartographer_821,A Ohio Teen ask a girl to prom as if it was medieval England,3659,0.94,110,,1689024061.0,False,False,False,False,False
85,14w7eab,blackcats,/r/blackcats/comments/14w7eab/one_year_ago_today_the_universe_decided_a_void/,nausticblurr,"One year ago today, the universe decided a void should be in my life. I took a random way to work I‚Äôve never taken before or since. The vet believed from his broken ribs, chipped teeth and the position in found him in, he‚Äôd just been thrown out a moving car. Here‚Äôs to 20 more years Grond! ü•∞",2964,0.98,120,,1689025422.0,False,False,False,False,False
86,14w541h,BlackPeopleComedy,/r/BlackPeopleComedy/comments/14w541h/ladies_take_note/,BiscuitsNgravy420,Ladies take note,3870,0.96,78,‚úäüèΩ‚úäüèæ‚úäüèø verified: A White Mod Banned Me From BPT,1689020474.0,False,False,False,False,False
87,14w18id,zelda,/r/zelda/comments/14w18id/oot_reading_through_an_old_ocarina_of_time_guide/,creations_by_mir,[OoT] Reading through an old Ocarina of Time guide book and saw this!,6400,0.98,216,,1689012000.0,False,False,False,False,False
88,14wa781,atheism,/r/atheism/comments/14wa781/posted_on_here_about_my_daughter_and_now/,nedfromcal,Posted on here about my daughter and now christians are sending me messages.,1993,0.95,289,,1689032081.0,False,False,False,False,False
89,14wd04p,Superstonk,/r/Superstonk/comments/14wd04p/there_are_no_shares_left/,apianti,There are no shares left.,1629,0.97,158,I missed Flair Friday again?!? ü§∑üèª‚Äç‚ôÇÔ∏è,1689039334.0,False,1689043661.0,False,False,False
90,14w84rm,educationalgifs,/r/educationalgifs/comments/14w84rm/demonstration_of_how_vibration_can_cause_an/,RampChurch,Demonstration of how vibration can cause an improperly torqued fastener to come loose,2573,0.97,70,,1689027071.0,False,False,False,False,False
91,14w11mz,LateStageCapitalism,/r/LateStageCapitalism/comments/14w11mz/whats_going_on_in_their_head/,lastwheeze595,What's going on in their head?,6109,0.98,307,,1689011560.0,False,False,False,False,False
92,14w1ln5,antiwork,/r/antiwork/comments/14w1ln5/they_fired_my_husband_and_have_since_come/,Solid_Information_66,They fired my husband and have since come crawling back.,17974,0.94,967,,1689012781.0,False,False,False,False,False
93,14vzxc4,fightporn,/r/fightporn/comments/14vzxc4/guy_gets_his_crack_fingered_mid_fight/,Dumpmingman69,Guy gets his crack fingered mid fight,8051,0.95,649,,1689009042.0,True,False,False,False,False
94,14w4akx,conservativeterrorism,/r/conservativeterrorism/comments/14w4akx/this_apparently_happened_in_austin_a_couple_days/,Perriwen,This apparently happened in Austin a couple days ago,3825,0.92,222,,1689018711.0,False,False,False,True,False
95,14w5tw6,PS5,/r/PS5/comments/14w5tw6/its_official_sega_of_america_has_unionized/,KrispyK2,It's Official: Sega of America Has Unionized,3174,0.95,286,,1689022023.0,False,False,False,False,False
96,14wcbo9,2007scape,/r/2007scape/comments/14wcbo9/can_we_please_get_a_2b_bank_value_or_higher_world/,Leg_Locker,Can we please get a 2b bank value or higher world? The amount of times I have to share an activity with poor people is really frustrating.,1425,0.94,97,,1689037487.0,False,False,False,False,False
97,14vybqa,gaming,/r/gaming/comments/14vybqa/i_will_never_run_out_of_batteries_again/,Matnheimer,I will never run out of batteries again!,9575,0.93,474,,1689005466.0,False,False,False,False,False
98,14w2n52,discordVideos,/r/discordVideos/comments/14w2n52/america/,AraneoKyojin,America,5640,0.93,136,,1689015072.0,False,False,False,False,False
99,14vzqzg,WTF,/r/WTF/comments/14vzqzg/coffee_milk_dispenser_with_lots_of_dont_know_what/,DontChaseMePls,Coffee milk dispenser with lots of (don't know what type of worm),7051,0.94,473,,1689008644.0,True,False,False,False,False
100,14w1sfv,lostredditors,/r/lostredditors/comments/14w1sfv/what/,thesnuggestofpugs,what,5886,0.97,417,,1689013199.0,False,False,False,False,False
